[
  {
    "id": "2",
    "username": "Alyne Lary",
    "location": "Santa Catarina - SC",
    "description": "Você vai amar os conteúdos da mamãe!",
    "type": "mulheres",
    "likes": 8,
    "telegramVip": "https://t.me/alynelarybot",
    "telegramFree": "https://t.me/+f0WFWQSs5kUwMjMx",
    "profileImageId": "5",
    "images": [
      {
        "id": 6,
        "url": "https://images.unsplash.com/photo-1682687219356-e820ca126c92?auto=format&fit=crop&q=60&w=700&ixlib=rb-4.0.3&ixid=M3wxMjA3fDF8MHxlZGl0b3JpYWwtZmVlZHwxMXx8fGVufDB8fHx8fA%3D%3D",
        "name": "1697747526043_photo_2023-10-02_11-30-31.jpg-1697747488817"
      },
      {
        "id": 7,
        "url": "https://images.unsplash.com/photo-1682687220866-c856f566f1bd?auto=format&fit=crop&q=60&w=700&ixlib=rb-4.0.3&ixid=M3wxMjA3fDF8MHxlZGl0b3JpYWwtZmVlZHwxfHx8ZW58MHx8fHx8",
        "name": "1697747526045_photo_2022-11-19_17-01-58.jpg-1697747488819"
      },
      {
        "id": 8,
        "url": "https://images.unsplash.com/photo-1697396431604-0648ed5cf56d?auto=format&fit=crop&q=60&w=700&ixlib=rb-4.0.3&ixid=M3wxMjA3fDB8MHxlZGl0b3JpYWwtZmVlZHwzfHx8ZW58MHx8fHx8",
        "name": "1697747526047_photo_2023-07-17_02-04-17.jpg-1697747521231"
      }
    ],
    "profileImage": {
      "id": 5,
      "url": "https://images.unsplash.com/photo-1697179419515-36178e22626e?auto=format&fit=crop&q=60&w=700&ixlib=rb-4.0.3&ixid=M3wxMjA3fDB8MHxlZGl0b3JpYWwtZmVlZHw4fHx8ZW58MHx8fHx8",
      "name": "1697747526246_Alyne.jpg-1697747521226"
    }
  },
  {
    "id": "2",
    "username": "Alyne Lary",
    "location": "Santa Catarina - SC",
    "description": "Você vai amar os conteúdos da mamãe!",
    "type": "mulheres",
    "likes": 3,
    "telegramVip": "https://t.me/alynelarybot",
    "telegramFree": "https://t.me/+f0WFWQSs5kUwMjMx",
    "profileImageId": "5",
    "images": [
      {
        "id": 6,
        "url": "https://images.unsplash.com/photo-1682687219356-e820ca126c92?auto=format&fit=crop&q=60&w=700&ixlib=rb-4.0.3&ixid=M3wxMjA3fDF8MHxlZGl0b3JpYWwtZmVlZHwxMXx8fGVufDB8fHx8fA%3D%3D",
        "name": "1697747526043_photo_2023-10-02_11-30-31.jpg-1697747488817"
      },
      {
        "id": 7,
        "url": "https://images.unsplash.com/photo-1682687220866-c856f566f1bd?auto=format&fit=crop&q=60&w=700&ixlib=rb-4.0.3&ixid=M3wxMjA3fDF8MHxlZGl0b3JpYWwtZmVlZHwxfHx8ZW58MHx8fHx8",
        "name": "1697747526045_photo_2022-11-19_17-01-58.jpg-1697747488819"
      },
      {
        "id": 8,
        "url": "https://images.unsplash.com/photo-1697396431604-0648ed5cf56d?auto=format&fit=crop&q=60&w=700&ixlib=rb-4.0.3&ixid=M3wxMjA3fDB8MHxlZGl0b3JpYWwtZmVlZHwzfHx8ZW58MHx8fHx8",
        "name": "1697747526047_photo_2023-07-17_02-04-17.jpg-1697747521231"
      }
    ],
    "profileImage": {
      "id": 5,
      "url": "https://images.unsplash.com/photo-1697179419515-36178e22626e?auto=format&fit=crop&q=60&w=700&ixlib=rb-4.0.3&ixid=M3wxMjA3fDB8MHxlZGl0b3JpYWwtZmVlZHw4fHx8ZW58MHx8fHx8",
      "name": "1697747526246_Alyne.jpg-1697747521226"
    }
  },
  {
    "id": "2",
    "username": "Alyne Lary",
    "location": "Santa Catarina - SC",
    "description": "Você vai amar os conteúdos da mamãe!",
    "type": "mulheres",
    "likes": 107,
    "telegramVip": "https://t.me/alynelarybot",
    "telegramFree": "https://t.me/+f0WFWQSs5kUwMjMx",
    "profileImageId": "5",
    "images": [
      {
        "id": 6,
        "url": "https://images.unsplash.com/photo-1682687219356-e820ca126c92?auto=format&fit=crop&q=60&w=700&ixlib=rb-4.0.3&ixid=M3wxMjA3fDF8MHxlZGl0b3JpYWwtZmVlZHwxMXx8fGVufDB8fHx8fA%3D%3D",
        "name": "1697747526043_photo_2023-10-02_11-30-31.jpg-1697747488817"
      },
      {
        "id": 7,
        "url": "https://images.unsplash.com/photo-1682687220866-c856f566f1bd?auto=format&fit=crop&q=60&w=700&ixlib=rb-4.0.3&ixid=M3wxMjA3fDF8MHxlZGl0b3JpYWwtZmVlZHwxfHx8ZW58MHx8fHx8",
        "name": "1697747526045_photo_2022-11-19_17-01-58.jpg-1697747488819"
      },
      {
        "id": 8,
        "url": "https://images.unsplash.com/photo-1697396431604-0648ed5cf56d?auto=format&fit=crop&q=60&w=700&ixlib=rb-4.0.3&ixid=M3wxMjA3fDB8MHxlZGl0b3JpYWwtZmVlZHwzfHx8ZW58MHx8fHx8",
        "name": "1697747526047_photo_2023-07-17_02-04-17.jpg-1697747521231"
      }
    ],
    "profileImage": {
      "id": 5,
      "url": "https://images.unsplash.com/photo-1697179419515-36178e22626e?auto=format&fit=crop&q=60&w=700&ixlib=rb-4.0.3&ixid=M3wxMjA3fDB8MHxlZGl0b3JpYWwtZmVlZHw4fHx8ZW58MHx8fHx8",
      "name": "1697747526246_Alyne.jpg-1697747521226"
    }
  },
  {
    "id": "2",
    "username": "Alyne Lary",
    "location": "Santa Catarina - SC",
    "description": "Você vai amar os conteúdos da mamãe!",
    "type": "mulheres",
    "likes": 330,
    "telegramVip": "https://t.me/alynelarybot",
    "telegramFree": "https://t.me/+f0WFWQSs5kUwMjMx",
    "profileImageId": "5",
    "images": [
      {
        "id": 6,
        "url": "https://images.unsplash.com/photo-1682687219356-e820ca126c92?auto=format&fit=crop&q=60&w=700&ixlib=rb-4.0.3&ixid=M3wxMjA3fDF8MHxlZGl0b3JpYWwtZmVlZHwxMXx8fGVufDB8fHx8fA%3D%3D",
        "name": "1697747526043_photo_2023-10-02_11-30-31.jpg-1697747488817"
      },
      {
        "id": 7,
        "url": "https://images.unsplash.com/photo-1682687220866-c856f566f1bd?auto=format&fit=crop&q=60&w=700&ixlib=rb-4.0.3&ixid=M3wxMjA3fDF8MHxlZGl0b3JpYWwtZmVlZHwxfHx8ZW58MHx8fHx8",
        "name": "1697747526045_photo_2022-11-19_17-01-58.jpg-1697747488819"
      },
      {
        "id": 8,
        "url": "https://images.unsplash.com/photo-1697396431604-0648ed5cf56d?auto=format&fit=crop&q=60&w=700&ixlib=rb-4.0.3&ixid=M3wxMjA3fDB8MHxlZGl0b3JpYWwtZmVlZHwzfHx8ZW58MHx8fHx8",
        "name": "1697747526047_photo_2023-07-17_02-04-17.jpg-1697747521231"
      }
    ],
    "profileImage": {
      "id": 5,
      "url": "https://images.unsplash.com/photo-1697179419515-36178e22626e?auto=format&fit=crop&q=60&w=700&ixlib=rb-4.0.3&ixid=M3wxMjA3fDB8MHxlZGl0b3JpYWwtZmVlZHw4fHx8ZW58MHx8fHx8",
      "name": "1697747526246_Alyne.jpg-1697747521226"
    }
  },
  {
    "id": "2",
    "username": "Alyne Lary",
    "location": "Santa Catarina - SC",
    "description": "Você vai amar os conteúdos da mamãe!",
    "type": "mulheres",
    "likes": 8,
    "telegramVip": "https://t.me/alynelarybot",
    "telegramFree": "https://t.me/+f0WFWQSs5kUwMjMx",
    "profileImageId": "5",
    "images": [
      {
        "id": 6,
        "url": "https://images.unsplash.com/photo-1682687219356-e820ca126c92?auto=format&fit=crop&q=60&w=700&ixlib=rb-4.0.3&ixid=M3wxMjA3fDF8MHxlZGl0b3JpYWwtZmVlZHwxMXx8fGVufDB8fHx8fA%3D%3D",
        "name": "1697747526043_photo_2023-10-02_11-30-31.jpg-1697747488817"
      },
      {
        "id": 7,
        "url": "https://images.unsplash.com/photo-1682687220866-c856f566f1bd?auto=format&fit=crop&q=60&w=700&ixlib=rb-4.0.3&ixid=M3wxMjA3fDF8MHxlZGl0b3JpYWwtZmVlZHwxfHx8ZW58MHx8fHx8",
        "name": "1697747526045_photo_2022-11-19_17-01-58.jpg-1697747488819"
      },
      {
        "id": 8,
        "url": "https://images.unsplash.com/photo-1697396431604-0648ed5cf56d?auto=format&fit=crop&q=60&w=700&ixlib=rb-4.0.3&ixid=M3wxMjA3fDB8MHxlZGl0b3JpYWwtZmVlZHwzfHx8ZW58MHx8fHx8",
        "name": "1697747526047_photo_2023-07-17_02-04-17.jpg-1697747521231"
      }
    ],
    "profileImage": {
      "id": 5,
      "url": "https://images.unsplash.com/photo-1697179419515-36178e22626e?auto=format&fit=crop&q=60&w=700&ixlib=rb-4.0.3&ixid=M3wxMjA3fDB8MHxlZGl0b3JpYWwtZmVlZHw4fHx8ZW58MHx8fHx8",
      "name": "1697747526246_Alyne.jpg-1697747521226"
    }
  },
  {
    "id": "2",
    "username": "Alyne Lary",
    "location": "Santa Catarina - SC",
    "description": "Você vai amar os conteúdos da mamãe!",
    "type": "mulheres",
    "likes": 3,
    "telegramVip": "https://t.me/alynelarybot",
    "telegramFree": "https://t.me/+f0WFWQSs5kUwMjMx",
    "profileImageId": "5",
    "images": [
      {
        "id": 6,
        "url": "https://images.unsplash.com/photo-1682687219356-e820ca126c92?auto=format&fit=crop&q=60&w=700&ixlib=rb-4.0.3&ixid=M3wxMjA3fDF8MHxlZGl0b3JpYWwtZmVlZHwxMXx8fGVufDB8fHx8fA%3D%3D",
        "name": "1697747526043_photo_2023-10-02_11-30-31.jpg-1697747488817"
      },
      {
        "id": 7,
        "url": "https://images.unsplash.com/photo-1682687220866-c856f566f1bd?auto=format&fit=crop&q=60&w=700&ixlib=rb-4.0.3&ixid=M3wxMjA3fDF8MHxlZGl0b3JpYWwtZmVlZHwxfHx8ZW58MHx8fHx8",
        "name": "1697747526045_photo_2022-11-19_17-01-58.jpg-1697747488819"
      },
      {
        "id": 8,
        "url": "https://images.unsplash.com/photo-1697396431604-0648ed5cf56d?auto=format&fit=crop&q=60&w=700&ixlib=rb-4.0.3&ixid=M3wxMjA3fDB8MHxlZGl0b3JpYWwtZmVlZHwzfHx8ZW58MHx8fHx8",
        "name": "1697747526047_photo_2023-07-17_02-04-17.jpg-1697747521231"
      }
    ],
    "profileImage": {
      "id": 5,
      "url": "https://images.unsplash.com/photo-1697179419515-36178e22626e?auto=format&fit=crop&q=60&w=700&ixlib=rb-4.0.3&ixid=M3wxMjA3fDB8MHxlZGl0b3JpYWwtZmVlZHw4fHx8ZW58MHx8fHx8",
      "name": "1697747526246_Alyne.jpg-1697747521226"
    }
  },
  {
    "id": "2",
    "username": "Alyne Lary",
    "location": "Santa Catarina - SC",
    "description": "Você vai amar os conteúdos da mamãe!",
    "type": "mulheres",
    "likes": 107,
    "telegramVip": "https://t.me/alynelarybot",
    "telegramFree": "https://t.me/+f0WFWQSs5kUwMjMx",
    "profileImageId": "5",
    "images": [
      {
        "id": 6,
        "url": "https://images.unsplash.com/photo-1682687219356-e820ca126c92?auto=format&fit=crop&q=60&w=700&ixlib=rb-4.0.3&ixid=M3wxMjA3fDF8MHxlZGl0b3JpYWwtZmVlZHwxMXx8fGVufDB8fHx8fA%3D%3D",
        "name": "1697747526043_photo_2023-10-02_11-30-31.jpg-1697747488817"
      },
      {
        "id": 7,
        "url": "https://images.unsplash.com/photo-1682687220866-c856f566f1bd?auto=format&fit=crop&q=60&w=700&ixlib=rb-4.0.3&ixid=M3wxMjA3fDF8MHxlZGl0b3JpYWwtZmVlZHwxfHx8ZW58MHx8fHx8",
        "name": "1697747526045_photo_2022-11-19_17-01-58.jpg-1697747488819"
      },
      {
        "id": 8,
        "url": "https://images.unsplash.com/photo-1697396431604-0648ed5cf56d?auto=format&fit=crop&q=60&w=700&ixlib=rb-4.0.3&ixid=M3wxMjA3fDB8MHxlZGl0b3JpYWwtZmVlZHwzfHx8ZW58MHx8fHx8",
        "name": "1697747526047_photo_2023-07-17_02-04-17.jpg-1697747521231"
      }
    ],
    "profileImage": {
      "id": 5,
      "url": "https://images.unsplash.com/photo-1697179419515-36178e22626e?auto=format&fit=crop&q=60&w=700&ixlib=rb-4.0.3&ixid=M3wxMjA3fDB8MHxlZGl0b3JpYWwtZmVlZHw4fHx8ZW58MHx8fHx8",
      "name": "1697747526246_Alyne.jpg-1697747521226"
    }
  },
  {
    "id": "2",
    "username": "Alyne Lary",
    "location": "Santa Catarina - SC",
    "description": "Você vai amar os conteúdos da mamãe!",
    "type": "mulheres",
    "likes": 330,
    "telegramVip": "https://t.me/alynelarybot",
    "telegramFree": "https://t.me/+f0WFWQSs5kUwMjMx",
    "profileImageId": "5",
    "images": [
      {
        "id": 6,
        "url": "https://images.unsplash.com/photo-1682687219356-e820ca126c92?auto=format&fit=crop&q=60&w=700&ixlib=rb-4.0.3&ixid=M3wxMjA3fDF8MHxlZGl0b3JpYWwtZmVlZHwxMXx8fGVufDB8fHx8fA%3D%3D",
        "name": "1697747526043_photo_2023-10-02_11-30-31.jpg-1697747488817"
      },
      {
        "id": 7,
        "url": "https://images.unsplash.com/photo-1682687220866-c856f566f1bd?auto=format&fit=crop&q=60&w=700&ixlib=rb-4.0.3&ixid=M3wxMjA3fDF8MHxlZGl0b3JpYWwtZmVlZHwxfHx8ZW58MHx8fHx8",
        "name": "1697747526045_photo_2022-11-19_17-01-58.jpg-1697747488819"
      },
      {
        "id": 8,
        "url": "https://images.unsplash.com/photo-1697396431604-0648ed5cf56d?auto=format&fit=crop&q=60&w=700&ixlib=rb-4.0.3&ixid=M3wxMjA3fDB8MHxlZGl0b3JpYWwtZmVlZHwzfHx8ZW58MHx8fHx8",
        "name": "1697747526047_photo_2023-07-17_02-04-17.jpg-1697747521231"
      }
    ],
    "profileImage": {
      "id": 5,
      "url": "https://images.unsplash.com/photo-1697179419515-36178e22626e?auto=format&fit=crop&q=60&w=700&ixlib=rb-4.0.3&ixid=M3wxMjA3fDB8MHxlZGl0b3JpYWwtZmVlZHw4fHx8ZW58MHx8fHx8",
      "name": "1697747526246_Alyne.jpg-1697747521226"
    }
  },
  {
    "id": "2",
    "username": "Alyne Lary",
    "location": "Santa Catarina - SC",
    "description": "Você vai amar os conteúdos da mamãe!",
    "type": "mulheres",
    "likes": 8,
    "telegramVip": "https://t.me/alynelarybot",
    "telegramFree": "https://t.me/+f0WFWQSs5kUwMjMx",
    "profileImageId": "5",
    "images": [
      {
        "id": 6,
        "url": "https://images.unsplash.com/photo-1682687219356-e820ca126c92?auto=format&fit=crop&q=60&w=700&ixlib=rb-4.0.3&ixid=M3wxMjA3fDF8MHxlZGl0b3JpYWwtZmVlZHwxMXx8fGVufDB8fHx8fA%3D%3D",
        "name": "1697747526043_photo_2023-10-02_11-30-31.jpg-1697747488817"
      },
      {
        "id": 7,
        "url": "https://images.unsplash.com/photo-1682687220866-c856f566f1bd?auto=format&fit=crop&q=60&w=700&ixlib=rb-4.0.3&ixid=M3wxMjA3fDF8MHxlZGl0b3JpYWwtZmVlZHwxfHx8ZW58MHx8fHx8",
        "name": "1697747526045_photo_2022-11-19_17-01-58.jpg-1697747488819"
      },
      {
        "id": 8,
        "url": "https://images.unsplash.com/photo-1697396431604-0648ed5cf56d?auto=format&fit=crop&q=60&w=700&ixlib=rb-4.0.3&ixid=M3wxMjA3fDB8MHxlZGl0b3JpYWwtZmVlZHwzfHx8ZW58MHx8fHx8",
        "name": "1697747526047_photo_2023-07-17_02-04-17.jpg-1697747521231"
      }
    ],
    "profileImage": {
      "id": 5,
      "url": "https://images.unsplash.com/photo-1697179419515-36178e22626e?auto=format&fit=crop&q=60&w=700&ixlib=rb-4.0.3&ixid=M3wxMjA3fDB8MHxlZGl0b3JpYWwtZmVlZHw4fHx8ZW58MHx8fHx8",
      "name": "1697747526246_Alyne.jpg-1697747521226"
    }
  },
  {
    "id": "2",
    "username": "Alyne Lary",
    "location": "Santa Catarina - SC",
    "description": "Você vai amar os conteúdos da mamãe!",
    "type": "mulheres",
    "likes": 3,
    "telegramVip": "https://t.me/alynelarybot",
    "telegramFree": "https://t.me/+f0WFWQSs5kUwMjMx",
    "profileImageId": "5",
    "images": [
      {
        "id": 6,
        "url": "https://images.unsplash.com/photo-1682687219356-e820ca126c92?auto=format&fit=crop&q=60&w=700&ixlib=rb-4.0.3&ixid=M3wxMjA3fDF8MHxlZGl0b3JpYWwtZmVlZHwxMXx8fGVufDB8fHx8fA%3D%3D",
        "name": "1697747526043_photo_2023-10-02_11-30-31.jpg-1697747488817"
      },
      {
        "id": 7,
        "url": "https://images.unsplash.com/photo-1682687220866-c856f566f1bd?auto=format&fit=crop&q=60&w=700&ixlib=rb-4.0.3&ixid=M3wxMjA3fDF8MHxlZGl0b3JpYWwtZmVlZHwxfHx8ZW58MHx8fHx8",
        "name": "1697747526045_photo_2022-11-19_17-01-58.jpg-1697747488819"
      },
      {
        "id": 8,
        "url": "https://images.unsplash.com/photo-1697396431604-0648ed5cf56d?auto=format&fit=crop&q=60&w=700&ixlib=rb-4.0.3&ixid=M3wxMjA3fDB8MHxlZGl0b3JpYWwtZmVlZHwzfHx8ZW58MHx8fHx8",
        "name": "1697747526047_photo_2023-07-17_02-04-17.jpg-1697747521231"
      }
    ],
    "profileImage": {
      "id": 5,
      "url": "https://images.unsplash.com/photo-1697179419515-36178e22626e?auto=format&fit=crop&q=60&w=700&ixlib=rb-4.0.3&ixid=M3wxMjA3fDB8MHxlZGl0b3JpYWwtZmVlZHw4fHx8ZW58MHx8fHx8",
      "name": "1697747526246_Alyne.jpg-1697747521226"
    }
  },
  {
    "id": "2",
    "username": "Alyne Lary",
    "location": "Santa Catarina - SC",
    "description": "Você vai amar os conteúdos da mamãe!",
    "type": "mulheres",
    "likes": 107,
    "telegramVip": "https://t.me/alynelarybot",
    "telegramFree": "https://t.me/+f0WFWQSs5kUwMjMx",
    "profileImageId": "5",
    "images": [
      {
        "id": 6,
        "url": "https://images.unsplash.com/photo-1682687219356-e820ca126c92?auto=format&fit=crop&q=60&w=700&ixlib=rb-4.0.3&ixid=M3wxMjA3fDF8MHxlZGl0b3JpYWwtZmVlZHwxMXx8fGVufDB8fHx8fA%3D%3D",
        "name": "1697747526043_photo_2023-10-02_11-30-31.jpg-1697747488817"
      },
      {
        "id": 7,
        "url": "https://images.unsplash.com/photo-1682687220866-c856f566f1bd?auto=format&fit=crop&q=60&w=700&ixlib=rb-4.0.3&ixid=M3wxMjA3fDF8MHxlZGl0b3JpYWwtZmVlZHwxfHx8ZW58MHx8fHx8",
        "name": "1697747526045_photo_2022-11-19_17-01-58.jpg-1697747488819"
      },
      {
        "id": 8,
        "url": "https://images.unsplash.com/photo-1697396431604-0648ed5cf56d?auto=format&fit=crop&q=60&w=700&ixlib=rb-4.0.3&ixid=M3wxMjA3fDB8MHxlZGl0b3JpYWwtZmVlZHwzfHx8ZW58MHx8fHx8",
        "name": "1697747526047_photo_2023-07-17_02-04-17.jpg-1697747521231"
      }
    ],
    "profileImage": {
      "id": 5,
      "url": "https://images.unsplash.com/photo-1697179419515-36178e22626e?auto=format&fit=crop&q=60&w=700&ixlib=rb-4.0.3&ixid=M3wxMjA3fDB8MHxlZGl0b3JpYWwtZmVlZHw4fHx8ZW58MHx8fHx8",
      "name": "1697747526246_Alyne.jpg-1697747521226"
    }
  },
  {
    "id": "2",
    "username": "Alyne Lary",
    "location": "Santa Catarina - SC",
    "description": "Você vai amar os conteúdos da mamãe!",
    "type": "mulheres",
    "likes": 330,
    "telegramVip": "https://t.me/alynelarybot",
    "telegramFree": "https://t.me/+f0WFWQSs5kUwMjMx",
    "profileImageId": "5",
    "images": [
      {
        "id": 6,
        "url": "https://images.unsplash.com/photo-1682687219356-e820ca126c92?auto=format&fit=crop&q=60&w=700&ixlib=rb-4.0.3&ixid=M3wxMjA3fDF8MHxlZGl0b3JpYWwtZmVlZHwxMXx8fGVufDB8fHx8fA%3D%3D",
        "name": "1697747526043_photo_2023-10-02_11-30-31.jpg-1697747488817"
      },
      {
        "id": 7,
        "url": "https://images.unsplash.com/photo-1682687220866-c856f566f1bd?auto=format&fit=crop&q=60&w=700&ixlib=rb-4.0.3&ixid=M3wxMjA3fDF8MHxlZGl0b3JpYWwtZmVlZHwxfHx8ZW58MHx8fHx8",
        "name": "1697747526045_photo_2022-11-19_17-01-58.jpg-1697747488819"
      },
      {
        "id": 8,
        "url": "https://images.unsplash.com/photo-1697396431604-0648ed5cf56d?auto=format&fit=crop&q=60&w=700&ixlib=rb-4.0.3&ixid=M3wxMjA3fDB8MHxlZGl0b3JpYWwtZmVlZHwzfHx8ZW58MHx8fHx8",
        "name": "1697747526047_photo_2023-07-17_02-04-17.jpg-1697747521231"
      }
    ],
    "profileImage": {
      "id": 5,
      "url": "https://images.unsplash.com/photo-1697179419515-36178e22626e?auto=format&fit=crop&q=60&w=700&ixlib=rb-4.0.3&ixid=M3wxMjA3fDB8MHxlZGl0b3JpYWwtZmVlZHw4fHx8ZW58MHx8fHx8",
      "name": "1697747526246_Alyne.jpg-1697747521226"
    }
  },
  {
    "id": "2",
    "username": "Alyne Lary",
    "location": "Santa Catarina - SC",
    "description": "Você vai amar os conteúdos da mamãe!",
    "type": "mulheres",
    "likes": 8,
    "telegramVip": "https://t.me/alynelarybot",
    "telegramFree": "https://t.me/+f0WFWQSs5kUwMjMx",
    "profileImageId": "5",
    "images": [
      {
        "id": 6,
        "url": "https://images.unsplash.com/photo-1682687219356-e820ca126c92?auto=format&fit=crop&q=60&w=700&ixlib=rb-4.0.3&ixid=M3wxMjA3fDF8MHxlZGl0b3JpYWwtZmVlZHwxMXx8fGVufDB8fHx8fA%3D%3D",
        "name": "1697747526043_photo_2023-10-02_11-30-31.jpg-1697747488817"
      },
      {
        "id": 7,
        "url": "https://images.unsplash.com/photo-1682687220866-c856f566f1bd?auto=format&fit=crop&q=60&w=700&ixlib=rb-4.0.3&ixid=M3wxMjA3fDF8MHxlZGl0b3JpYWwtZmVlZHwxfHx8ZW58MHx8fHx8",
        "name": "1697747526045_photo_2022-11-19_17-01-58.jpg-1697747488819"
      },
      {
        "id": 8,
        "url": "https://images.unsplash.com/photo-1697396431604-0648ed5cf56d?auto=format&fit=crop&q=60&w=700&ixlib=rb-4.0.3&ixid=M3wxMjA3fDB8MHxlZGl0b3JpYWwtZmVlZHwzfHx8ZW58MHx8fHx8",
        "name": "1697747526047_photo_2023-07-17_02-04-17.jpg-1697747521231"
      }
    ],
    "profileImage": {
      "id": 5,
      "url": "https://images.unsplash.com/photo-1697179419515-36178e22626e?auto=format&fit=crop&q=60&w=700&ixlib=rb-4.0.3&ixid=M3wxMjA3fDB8MHxlZGl0b3JpYWwtZmVlZHw4fHx8ZW58MHx8fHx8",
      "name": "1697747526246_Alyne.jpg-1697747521226"
    }
  },
  {
    "id": "2",
    "username": "Alyne Lary",
    "location": "Santa Catarina - SC",
    "description": "Você vai amar os conteúdos da mamãe!",
    "type": "mulheres",
    "likes": 3,
    "telegramVip": "https://t.me/alynelarybot",
    "telegramFree": "https://t.me/+f0WFWQSs5kUwMjMx",
    "profileImageId": "5",
    "images": [
      {
        "id": 6,
        "url": "https://images.unsplash.com/photo-1682687219356-e820ca126c92?auto=format&fit=crop&q=60&w=700&ixlib=rb-4.0.3&ixid=M3wxMjA3fDF8MHxlZGl0b3JpYWwtZmVlZHwxMXx8fGVufDB8fHx8fA%3D%3D",
        "name": "1697747526043_photo_2023-10-02_11-30-31.jpg-1697747488817"
      },
      {
        "id": 7,
        "url": "https://images.unsplash.com/photo-1682687220866-c856f566f1bd?auto=format&fit=crop&q=60&w=700&ixlib=rb-4.0.3&ixid=M3wxMjA3fDF8MHxlZGl0b3JpYWwtZmVlZHwxfHx8ZW58MHx8fHx8",
        "name": "1697747526045_photo_2022-11-19_17-01-58.jpg-1697747488819"
      },
      {
        "id": 8,
        "url": "https://images.unsplash.com/photo-1697396431604-0648ed5cf56d?auto=format&fit=crop&q=60&w=700&ixlib=rb-4.0.3&ixid=M3wxMjA3fDB8MHxlZGl0b3JpYWwtZmVlZHwzfHx8ZW58MHx8fHx8",
        "name": "1697747526047_photo_2023-07-17_02-04-17.jpg-1697747521231"
      }
    ],
    "profileImage": {
      "id": 5,
      "url": "https://images.unsplash.com/photo-1697179419515-36178e22626e?auto=format&fit=crop&q=60&w=700&ixlib=rb-4.0.3&ixid=M3wxMjA3fDB8MHxlZGl0b3JpYWwtZmVlZHw4fHx8ZW58MHx8fHx8",
      "name": "1697747526246_Alyne.jpg-1697747521226"
    }
  },
  {
    "id": "2",
    "username": "Alyne Lary",
    "location": "Santa Catarina - SC",
    "description": "Você vai amar os conteúdos da mamãe!",
    "type": "mulheres",
    "likes": 107,
    "telegramVip": "https://t.me/alynelarybot",
    "telegramFree": "https://t.me/+f0WFWQSs5kUwMjMx",
    "profileImageId": "5",
    "images": [
      {
        "id": 6,
        "url": "https://images.unsplash.com/photo-1682687219356-e820ca126c92?auto=format&fit=crop&q=60&w=700&ixlib=rb-4.0.3&ixid=M3wxMjA3fDF8MHxlZGl0b3JpYWwtZmVlZHwxMXx8fGVufDB8fHx8fA%3D%3D",
        "name": "1697747526043_photo_2023-10-02_11-30-31.jpg-1697747488817"
      },
      {
        "id": 7,
        "url": "https://images.unsplash.com/photo-1682687220866-c856f566f1bd?auto=format&fit=crop&q=60&w=700&ixlib=rb-4.0.3&ixid=M3wxMjA3fDF8MHxlZGl0b3JpYWwtZmVlZHwxfHx8ZW58MHx8fHx8",
        "name": "1697747526045_photo_2022-11-19_17-01-58.jpg-1697747488819"
      },
      {
        "id": 8,
        "url": "https://images.unsplash.com/photo-1697396431604-0648ed5cf56d?auto=format&fit=crop&q=60&w=700&ixlib=rb-4.0.3&ixid=M3wxMjA3fDB8MHxlZGl0b3JpYWwtZmVlZHwzfHx8ZW58MHx8fHx8",
        "name": "1697747526047_photo_2023-07-17_02-04-17.jpg-1697747521231"
      }
    ],
    "profileImage": {
      "id": 5,
      "url": "https://images.unsplash.com/photo-1697179419515-36178e22626e?auto=format&fit=crop&q=60&w=700&ixlib=rb-4.0.3&ixid=M3wxMjA3fDB8MHxlZGl0b3JpYWwtZmVlZHw4fHx8ZW58MHx8fHx8",
      "name": "1697747526246_Alyne.jpg-1697747521226"
    }
  },
  {
    "id": "2",
    "username": "Alyne Lary",
    "location": "Santa Catarina - SC",
    "description": "Você vai amar os conteúdos da mamãe!",
    "type": "mulheres",
    "likes": 330,
    "telegramVip": "https://t.me/alynelarybot",
    "telegramFree": "https://t.me/+f0WFWQSs5kUwMjMx",
    "profileImageId": "5",
    "images": [
      {
        "id": 6,
        "url": "https://images.unsplash.com/photo-1682687219356-e820ca126c92?auto=format&fit=crop&q=60&w=700&ixlib=rb-4.0.3&ixid=M3wxMjA3fDF8MHxlZGl0b3JpYWwtZmVlZHwxMXx8fGVufDB8fHx8fA%3D%3D",
        "name": "1697747526043_photo_2023-10-02_11-30-31.jpg-1697747488817"
      },
      {
        "id": 7,
        "url": "https://images.unsplash.com/photo-1682687220866-c856f566f1bd?auto=format&fit=crop&q=60&w=700&ixlib=rb-4.0.3&ixid=M3wxMjA3fDF8MHxlZGl0b3JpYWwtZmVlZHwxfHx8ZW58MHx8fHx8",
        "name": "1697747526045_photo_2022-11-19_17-01-58.jpg-1697747488819"
      },
      {
        "id": 8,
        "url": "https://images.unsplash.com/photo-1697396431604-0648ed5cf56d?auto=format&fit=crop&q=60&w=700&ixlib=rb-4.0.3&ixid=M3wxMjA3fDB8MHxlZGl0b3JpYWwtZmVlZHwzfHx8ZW58MHx8fHx8",
        "name": "1697747526047_photo_2023-07-17_02-04-17.jpg-1697747521231"
      }
    ],
    "profileImage": {
      "id": 5,
      "url": "https://images.unsplash.com/photo-1697179419515-36178e22626e?auto=format&fit=crop&q=60&w=700&ixlib=rb-4.0.3&ixid=M3wxMjA3fDB8MHxlZGl0b3JpYWwtZmVlZHw4fHx8ZW58MHx8fHx8",
      "name": "1697747526246_Alyne.jpg-1697747521226"
    }
  },
  {
    "id": "2",
    "username": "Alyne Lary",
    "location": "Santa Catarina - SC",
    "description": "Você vai amar os conteúdos da mamãe!",
    "type": "mulheres",
    "likes": 8,
    "telegramVip": "https://t.me/alynelarybot",
    "telegramFree": "https://t.me/+f0WFWQSs5kUwMjMx",
    "profileImageId": "5",
    "images": [
      {
        "id": 6,
        "url": "https://images.unsplash.com/photo-1682687219356-e820ca126c92?auto=format&fit=crop&q=60&w=700&ixlib=rb-4.0.3&ixid=M3wxMjA3fDF8MHxlZGl0b3JpYWwtZmVlZHwxMXx8fGVufDB8fHx8fA%3D%3D",
        "name": "1697747526043_photo_2023-10-02_11-30-31.jpg-1697747488817"
      },
      {
        "id": 7,
        "url": "https://images.unsplash.com/photo-1682687220866-c856f566f1bd?auto=format&fit=crop&q=60&w=700&ixlib=rb-4.0.3&ixid=M3wxMjA3fDF8MHxlZGl0b3JpYWwtZmVlZHwxfHx8ZW58MHx8fHx8",
        "name": "1697747526045_photo_2022-11-19_17-01-58.jpg-1697747488819"
      },
      {
        "id": 8,
        "url": "https://images.unsplash.com/photo-1697396431604-0648ed5cf56d?auto=format&fit=crop&q=60&w=700&ixlib=rb-4.0.3&ixid=M3wxMjA3fDB8MHxlZGl0b3JpYWwtZmVlZHwzfHx8ZW58MHx8fHx8",
        "name": "1697747526047_photo_2023-07-17_02-04-17.jpg-1697747521231"
      }
    ],
    "profileImage": {
      "id": 5,
      "url": "https://images.unsplash.com/photo-1697179419515-36178e22626e?auto=format&fit=crop&q=60&w=700&ixlib=rb-4.0.3&ixid=M3wxMjA3fDB8MHxlZGl0b3JpYWwtZmVlZHw4fHx8ZW58MHx8fHx8",
      "name": "1697747526246_Alyne.jpg-1697747521226"
    }
  },
  {
    "id": "2",
    "username": "Alyne Lary",
    "location": "Santa Catarina - SC",
    "description": "Você vai amar os conteúdos da mamãe!",
    "type": "mulheres",
    "likes": 3,
    "telegramVip": "https://t.me/alynelarybot",
    "telegramFree": "https://t.me/+f0WFWQSs5kUwMjMx",
    "profileImageId": "5",
    "images": [
      {
        "id": 6,
        "url": "https://images.unsplash.com/photo-1682687219356-e820ca126c92?auto=format&fit=crop&q=60&w=700&ixlib=rb-4.0.3&ixid=M3wxMjA3fDF8MHxlZGl0b3JpYWwtZmVlZHwxMXx8fGVufDB8fHx8fA%3D%3D",
        "name": "1697747526043_photo_2023-10-02_11-30-31.jpg-1697747488817"
      },
      {
        "id": 7,
        "url": "https://images.unsplash.com/photo-1682687220866-c856f566f1bd?auto=format&fit=crop&q=60&w=700&ixlib=rb-4.0.3&ixid=M3wxMjA3fDF8MHxlZGl0b3JpYWwtZmVlZHwxfHx8ZW58MHx8fHx8",
        "name": "1697747526045_photo_2022-11-19_17-01-58.jpg-1697747488819"
      },
      {
        "id": 8,
        "url": "https://images.unsplash.com/photo-1697396431604-0648ed5cf56d?auto=format&fit=crop&q=60&w=700&ixlib=rb-4.0.3&ixid=M3wxMjA3fDB8MHxlZGl0b3JpYWwtZmVlZHwzfHx8ZW58MHx8fHx8",
        "name": "1697747526047_photo_2023-07-17_02-04-17.jpg-1697747521231"
      }
    ],
    "profileImage": {
      "id": 5,
      "url": "https://images.unsplash.com/photo-1697179419515-36178e22626e?auto=format&fit=crop&q=60&w=700&ixlib=rb-4.0.3&ixid=M3wxMjA3fDB8MHxlZGl0b3JpYWwtZmVlZHw4fHx8ZW58MHx8fHx8",
      "name": "1697747526246_Alyne.jpg-1697747521226"
    }
  },
  {
    "id": "2",
    "username": "Alyne Lary",
    "location": "Santa Catarina - SC",
    "description": "Você vai amar os conteúdos da mamãe!",
    "type": "mulheres",
    "likes": 107,
    "telegramVip": "https://t.me/alynelarybot",
    "telegramFree": "https://t.me/+f0WFWQSs5kUwMjMx",
    "profileImageId": "5",
    "images": [
      {
        "id": 6,
        "url": "https://images.unsplash.com/photo-1682687219356-e820ca126c92?auto=format&fit=crop&q=60&w=700&ixlib=rb-4.0.3&ixid=M3wxMjA3fDF8MHxlZGl0b3JpYWwtZmVlZHwxMXx8fGVufDB8fHx8fA%3D%3D",
        "name": "1697747526043_photo_2023-10-02_11-30-31.jpg-1697747488817"
      },
      {
        "id": 7,
        "url": "https://images.unsplash.com/photo-1682687220866-c856f566f1bd?auto=format&fit=crop&q=60&w=700&ixlib=rb-4.0.3&ixid=M3wxMjA3fDF8MHxlZGl0b3JpYWwtZmVlZHwxfHx8ZW58MHx8fHx8",
        "name": "1697747526045_photo_2022-11-19_17-01-58.jpg-1697747488819"
      },
      {
        "id": 8,
        "url": "https://images.unsplash.com/photo-1697396431604-0648ed5cf56d?auto=format&fit=crop&q=60&w=700&ixlib=rb-4.0.3&ixid=M3wxMjA3fDB8MHxlZGl0b3JpYWwtZmVlZHwzfHx8ZW58MHx8fHx8",
        "name": "1697747526047_photo_2023-07-17_02-04-17.jpg-1697747521231"
      }
    ],
    "profileImage": {
      "id": 5,
      "url": "https://images.unsplash.com/photo-1697179419515-36178e22626e?auto=format&fit=crop&q=60&w=700&ixlib=rb-4.0.3&ixid=M3wxMjA3fDB8MHxlZGl0b3JpYWwtZmVlZHw4fHx8ZW58MHx8fHx8",
      "name": "1697747526246_Alyne.jpg-1697747521226"
    }
  },
  {
    "id": "2",
    "username": "Alyne Lary",
    "location": "Santa Catarina - SC",
    "description": "Você vai amar os conteúdos da mamãe!",
    "type": "mulheres",
    "likes": 330,
    "telegramVip": "https://t.me/alynelarybot",
    "telegramFree": "https://t.me/+f0WFWQSs5kUwMjMx",
    "profileImageId": "5",
    "images": [
      {
        "id": 6,
        "url": "https://images.unsplash.com/photo-1682687219356-e820ca126c92?auto=format&fit=crop&q=60&w=700&ixlib=rb-4.0.3&ixid=M3wxMjA3fDF8MHxlZGl0b3JpYWwtZmVlZHwxMXx8fGVufDB8fHx8fA%3D%3D",
        "name": "1697747526043_photo_2023-10-02_11-30-31.jpg-1697747488817"
      },
      {
        "id": 7,
        "url": "https://images.unsplash.com/photo-1682687220866-c856f566f1bd?auto=format&fit=crop&q=60&w=700&ixlib=rb-4.0.3&ixid=M3wxMjA3fDF8MHxlZGl0b3JpYWwtZmVlZHwxfHx8ZW58MHx8fHx8",
        "name": "1697747526045_photo_2022-11-19_17-01-58.jpg-1697747488819"
      },
      {
        "id": 8,
        "url": "https://images.unsplash.com/photo-1697396431604-0648ed5cf56d?auto=format&fit=crop&q=60&w=700&ixlib=rb-4.0.3&ixid=M3wxMjA3fDB8MHxlZGl0b3JpYWwtZmVlZHwzfHx8ZW58MHx8fHx8",
        "name": "1697747526047_photo_2023-07-17_02-04-17.jpg-1697747521231"
      }
    ],
    "profileImage": {
      "id": 5,
      "url": "https://images.unsplash.com/photo-1697179419515-36178e22626e?auto=format&fit=crop&q=60&w=700&ixlib=rb-4.0.3&ixid=M3wxMjA3fDB8MHxlZGl0b3JpYWwtZmVlZHw4fHx8ZW58MHx8fHx8",
      "name": "1697747526246_Alyne.jpg-1697747521226"
    }
  },
  {
    "id": "2",
    "username": "Alyne Lary",
    "location": "Santa Catarina - SC",
    "description": "Você vai amar os conteúdos da mamãe!",
    "type": "mulheres",
    "likes": 8,
    "telegramVip": "https://t.me/alynelarybot",
    "telegramFree": "https://t.me/+f0WFWQSs5kUwMjMx",
    "profileImageId": "5",
    "images": [
      {
        "id": 6,
        "url": "https://images.unsplash.com/photo-1682687219356-e820ca126c92?auto=format&fit=crop&q=60&w=700&ixlib=rb-4.0.3&ixid=M3wxMjA3fDF8MHxlZGl0b3JpYWwtZmVlZHwxMXx8fGVufDB8fHx8fA%3D%3D",
        "name": "1697747526043_photo_2023-10-02_11-30-31.jpg-1697747488817"
      },
      {
        "id": 7,
        "url": "https://images.unsplash.com/photo-1682687220866-c856f566f1bd?auto=format&fit=crop&q=60&w=700&ixlib=rb-4.0.3&ixid=M3wxMjA3fDF8MHxlZGl0b3JpYWwtZmVlZHwxfHx8ZW58MHx8fHx8",
        "name": "1697747526045_photo_2022-11-19_17-01-58.jpg-1697747488819"
      },
      {
        "id": 8,
        "url": "https://images.unsplash.com/photo-1697396431604-0648ed5cf56d?auto=format&fit=crop&q=60&w=700&ixlib=rb-4.0.3&ixid=M3wxMjA3fDB8MHxlZGl0b3JpYWwtZmVlZHwzfHx8ZW58MHx8fHx8",
        "name": "1697747526047_photo_2023-07-17_02-04-17.jpg-1697747521231"
      }
    ],
    "profileImage": {
      "id": 5,
      "url": "https://images.unsplash.com/photo-1697179419515-36178e22626e?auto=format&fit=crop&q=60&w=700&ixlib=rb-4.0.3&ixid=M3wxMjA3fDB8MHxlZGl0b3JpYWwtZmVlZHw4fHx8ZW58MHx8fHx8",
      "name": "1697747526246_Alyne.jpg-1697747521226"
    }
  },
  {
    "id": "2",
    "username": "Alyne Lary",
    "location": "Santa Catarina - SC",
    "description": "Você vai amar os conteúdos da mamãe!",
    "type": "mulheres",
    "likes": 3,
    "telegramVip": "https://t.me/alynelarybot",
    "telegramFree": "https://t.me/+f0WFWQSs5kUwMjMx",
    "profileImageId": "5",
    "images": [
      {
        "id": 6,
        "url": "https://images.unsplash.com/photo-1682687219356-e820ca126c92?auto=format&fit=crop&q=60&w=700&ixlib=rb-4.0.3&ixid=M3wxMjA3fDF8MHxlZGl0b3JpYWwtZmVlZHwxMXx8fGVufDB8fHx8fA%3D%3D",
        "name": "1697747526043_photo_2023-10-02_11-30-31.jpg-1697747488817"
      },
      {
        "id": 7,
        "url": "https://images.unsplash.com/photo-1682687220866-c856f566f1bd?auto=format&fit=crop&q=60&w=700&ixlib=rb-4.0.3&ixid=M3wxMjA3fDF8MHxlZGl0b3JpYWwtZmVlZHwxfHx8ZW58MHx8fHx8",
        "name": "1697747526045_photo_2022-11-19_17-01-58.jpg-1697747488819"
      },
      {
        "id": 8,
        "url": "https://images.unsplash.com/photo-1697396431604-0648ed5cf56d?auto=format&fit=crop&q=60&w=700&ixlib=rb-4.0.3&ixid=M3wxMjA3fDB8MHxlZGl0b3JpYWwtZmVlZHwzfHx8ZW58MHx8fHx8",
        "name": "1697747526047_photo_2023-07-17_02-04-17.jpg-1697747521231"
      }
    ],
    "profileImage": {
      "id": 5,
      "url": "https://images.unsplash.com/photo-1697179419515-36178e22626e?auto=format&fit=crop&q=60&w=700&ixlib=rb-4.0.3&ixid=M3wxMjA3fDB8MHxlZGl0b3JpYWwtZmVlZHw4fHx8ZW58MHx8fHx8",
      "name": "1697747526246_Alyne.jpg-1697747521226"
    }
  },
  {
    "id": "2",
    "username": "Alyne Lary",
    "location": "Santa Catarina - SC",
    "description": "Você vai amar os conteúdos da mamãe!",
    "type": "mulheres",
    "likes": 107,
    "telegramVip": "https://t.me/alynelarybot",
    "telegramFree": "https://t.me/+f0WFWQSs5kUwMjMx",
    "profileImageId": "5",
    "images": [
      {
        "id": 6,
        "url": "https://images.unsplash.com/photo-1682687219356-e820ca126c92?auto=format&fit=crop&q=60&w=700&ixlib=rb-4.0.3&ixid=M3wxMjA3fDF8MHxlZGl0b3JpYWwtZmVlZHwxMXx8fGVufDB8fHx8fA%3D%3D",
        "name": "1697747526043_photo_2023-10-02_11-30-31.jpg-1697747488817"
      },
      {
        "id": 7,
        "url": "https://images.unsplash.com/photo-1682687220866-c856f566f1bd?auto=format&fit=crop&q=60&w=700&ixlib=rb-4.0.3&ixid=M3wxMjA3fDF8MHxlZGl0b3JpYWwtZmVlZHwxfHx8ZW58MHx8fHx8",
        "name": "1697747526045_photo_2022-11-19_17-01-58.jpg-1697747488819"
      },
      {
        "id": 8,
        "url": "https://images.unsplash.com/photo-1697396431604-0648ed5cf56d?auto=format&fit=crop&q=60&w=700&ixlib=rb-4.0.3&ixid=M3wxMjA3fDB8MHxlZGl0b3JpYWwtZmVlZHwzfHx8ZW58MHx8fHx8",
        "name": "1697747526047_photo_2023-07-17_02-04-17.jpg-1697747521231"
      }
    ],
    "profileImage": {
      "id": 5,
      "url": "https://images.unsplash.com/photo-1697179419515-36178e22626e?auto=format&fit=crop&q=60&w=700&ixlib=rb-4.0.3&ixid=M3wxMjA3fDB8MHxlZGl0b3JpYWwtZmVlZHw4fHx8ZW58MHx8fHx8",
      "name": "1697747526246_Alyne.jpg-1697747521226"
    }
  },
  {
    "id": "2",
    "username": "Alyne Lary",
    "location": "Santa Catarina - SC",
    "description": "Você vai amar os conteúdos da mamãe!",
    "type": "mulheres",
    "likes": 330,
    "telegramVip": "https://t.me/alynelarybot",
    "telegramFree": "https://t.me/+f0WFWQSs5kUwMjMx",
    "profileImageId": "5",
    "images": [
      {
        "id": 6,
        "url": "https://images.unsplash.com/photo-1682687219356-e820ca126c92?auto=format&fit=crop&q=60&w=700&ixlib=rb-4.0.3&ixid=M3wxMjA3fDF8MHxlZGl0b3JpYWwtZmVlZHwxMXx8fGVufDB8fHx8fA%3D%3D",
        "name": "1697747526043_photo_2023-10-02_11-30-31.jpg-1697747488817"
      },
      {
        "id": 7,
        "url": "https://images.unsplash.com/photo-1682687220866-c856f566f1bd?auto=format&fit=crop&q=60&w=700&ixlib=rb-4.0.3&ixid=M3wxMjA3fDF8MHxlZGl0b3JpYWwtZmVlZHwxfHx8ZW58MHx8fHx8",
        "name": "1697747526045_photo_2022-11-19_17-01-58.jpg-1697747488819"
      },
      {
        "id": 8,
        "url": "https://images.unsplash.com/photo-1697396431604-0648ed5cf56d?auto=format&fit=crop&q=60&w=700&ixlib=rb-4.0.3&ixid=M3wxMjA3fDB8MHxlZGl0b3JpYWwtZmVlZHwzfHx8ZW58MHx8fHx8",
        "name": "1697747526047_photo_2023-07-17_02-04-17.jpg-1697747521231"
      }
    ],
    "profileImage": {
      "id": 5,
      "url": "https://images.unsplash.com/photo-1697179419515-36178e22626e?auto=format&fit=crop&q=60&w=700&ixlib=rb-4.0.3&ixid=M3wxMjA3fDB8MHxlZGl0b3JpYWwtZmVlZHw4fHx8ZW58MHx8fHx8",
      "name": "1697747526246_Alyne.jpg-1697747521226"
    }
  },
  {
    "id": "2",
    "username": "Alyne Lary",
    "location": "Santa Catarina - SC",
    "description": "Você vai amar os conteúdos da mamãe!",
    "type": "mulheres",
    "likes": 8,
    "telegramVip": "https://t.me/alynelarybot",
    "telegramFree": "https://t.me/+f0WFWQSs5kUwMjMx",
    "profileImageId": "5",
    "images": [
      {
        "id": 6,
        "url": "https://images.unsplash.com/photo-1682687219356-e820ca126c92?auto=format&fit=crop&q=60&w=700&ixlib=rb-4.0.3&ixid=M3wxMjA3fDF8MHxlZGl0b3JpYWwtZmVlZHwxMXx8fGVufDB8fHx8fA%3D%3D",
        "name": "1697747526043_photo_2023-10-02_11-30-31.jpg-1697747488817"
      },
      {
        "id": 7,
        "url": "https://images.unsplash.com/photo-1682687220866-c856f566f1bd?auto=format&fit=crop&q=60&w=700&ixlib=rb-4.0.3&ixid=M3wxMjA3fDF8MHxlZGl0b3JpYWwtZmVlZHwxfHx8ZW58MHx8fHx8",
        "name": "1697747526045_photo_2022-11-19_17-01-58.jpg-1697747488819"
      },
      {
        "id": 8,
        "url": "https://images.unsplash.com/photo-1697396431604-0648ed5cf56d?auto=format&fit=crop&q=60&w=700&ixlib=rb-4.0.3&ixid=M3wxMjA3fDB8MHxlZGl0b3JpYWwtZmVlZHwzfHx8ZW58MHx8fHx8",
        "name": "1697747526047_photo_2023-07-17_02-04-17.jpg-1697747521231"
      }
    ],
    "profileImage": {
      "id": 5,
      "url": "https://images.unsplash.com/photo-1697179419515-36178e22626e?auto=format&fit=crop&q=60&w=700&ixlib=rb-4.0.3&ixid=M3wxMjA3fDB8MHxlZGl0b3JpYWwtZmVlZHw4fHx8ZW58MHx8fHx8",
      "name": "1697747526246_Alyne.jpg-1697747521226"
    }
  }
]